prompt,name
Tell me a bio of Suthida,Suthida
Tell me a bio of Miguel Ángel Félix Gallardo,Miguel Ángel Félix Gallardo
Tell me a bio of Iggy Azalea,Iggy Azalea
Tell me a bio of Fernando da Costa Novaes,Fernando da Costa Novaes
Tell me a bio of Jan Zamoyski,Jan Zamoyski
Tell me a bio of Radhika Apte,Radhika Apte
Tell me a bio of David Galloway (writer),David Galloway (writer)
Tell me a bio of Cheyenne Brando,Cheyenne Brando
Tell me a bio of Mihai Eminescu,Mihai Eminescu
Tell me a bio of John Atkinson Grimshaw,John Atkinson Grimshaw
Tell me a bio of Maja Jager,Maja Jager
Tell me a bio of Richie Dorman,Richie Dorman
Tell me a bio of Braulio Lara,Braulio Lara
Tell me a bio of Katherine Ryan,Katherine Ryan
Tell me a bio of Matthew Perry,Matthew Perry
Tell me a bio of Amr Shabana,Amr Shabana
Tell me a bio of Sage Stallone,Sage Stallone
Tell me a bio of Abdulqawi Yusuf,Abdulqawi Yusuf
Tell me a bio of Namita Gokhale,Namita Gokhale
Tell me a bio of Henryk Wieniawski,Henryk Wieniawski
Tell me a bio of Heinrich Himmler,Heinrich Himmler
Tell me a bio of Jan-Michael Gambill,Jan-Michael Gambill
Tell me a bio of Muhammad Al-Hafiz,Muhammad Al-Hafiz
"Tell me a bio of Tracy Somerset, Duchess of Beaufort","Tracy Somerset, Duchess of Beaufort"
Tell me a bio of Josh Mansour,Josh Mansour
Tell me a bio of Carlos P. Romulo,Carlos P. Romulo
Tell me a bio of Kubota Beisen,Kubota Beisen
Tell me a bio of Arthur Ewert,Arthur Ewert
Tell me a bio of John Morris (curler),John Morris (curler)
Tell me a bio of Matt Hunter (singer),Matt Hunter (singer)
Tell me a bio of Ivan Toms,Ivan Toms
Tell me a bio of Salome Maswime,Salome Maswime
Tell me a bio of Flavio Méndez Santiago,Flavio Méndez Santiago
Tell me a bio of Lokesh Kanagaraj,Lokesh Kanagaraj
Tell me a bio of Tappaya Sit-Or,Tappaya Sit-Or
Tell me a bio of Ronaldinho,Ronaldinho
Tell me a bio of Rana Sanaullah,Rana Sanaullah
Tell me a bio of Karni Liddell,Karni Liddell
Tell me a bio of Ted Mack (politician),Ted Mack (politician)
Tell me a bio of Chris Duffield,Chris Duffield
Tell me a bio of Daniil Medvedev,Daniil Medvedev
Tell me a bio of Giorgi Papunashvili,Giorgi Papunashvili
Tell me a bio of Nancy Onyango,Nancy Onyango
Tell me a bio of Alexander Vovin,Alexander Vovin
Tell me a bio of Cobhams Asuquo,Cobhams Asuquo
Tell me a bio of David Bogue,David Bogue
Tell me a bio of PewDiePie,PewDiePie
Tell me a bio of Minako Honda,Minako Honda
Tell me a bio of Don Beard,Don Beard
Tell me a bio of Isla Fisher,Isla Fisher
Tell me a bio of Jeremy Northam,Jeremy Northam
Tell me a bio of Harry Cave,Harry Cave
Tell me a bio of Rory Burns,Rory Burns
Tell me a bio of Andriy Yarmolenko,Andriy Yarmolenko
Tell me a bio of Thierry Henry,Thierry Henry
Tell me a bio of Gary Woodland,Gary Woodland
Tell me a bio of James Theodore Bent,James Theodore Bent
Tell me a bio of Kajal Aggarwal,Kajal Aggarwal
Tell me a bio of Danny Faure,Danny Faure
Tell me a bio of Vicente Guerrero,Vicente Guerrero
Tell me a bio of Ilhan Omar,Ilhan Omar
Tell me a bio of Nelson Mandela,Nelson Mandela
Tell me a bio of Joey Jordison,Joey Jordison
Tell me a bio of Ayman al-Zawahiri,Ayman al-Zawahiri
Tell me a bio of Diego Suarez (garden designer),Diego Suarez (garden designer)
Tell me a bio of Muhammad Qutb,Muhammad Qutb
Tell me a bio of Daniel Alexander Cameron,Daniel Alexander Cameron
Tell me a bio of Ivan Perišić,Ivan Perišić
Tell me a bio of Gemma Arterton,Gemma Arterton
Tell me a bio of Shin Jea-hwan,Shin Jea-hwan
Tell me a bio of Nuh Omar,Nuh Omar
Tell me a bio of Jeremy Corbyn,Jeremy Corbyn
Tell me a bio of Jeff Long (athletic director),Jeff Long (athletic director)
Tell me a bio of Jackie Shroff,Jackie Shroff
Tell me a bio of Sami Shalom Chetrit,Sami Shalom Chetrit
Tell me a bio of Antonio Leviste,Antonio Leviste
Tell me a bio of José Hernández Delgadillo,José Hernández Delgadillo
Tell me a bio of Sandra Pisani,Sandra Pisani
Tell me a bio of Chi Pu,Chi Pu
Tell me a bio of Paul Anka,Paul Anka
"Tell me a bio of Felipe (footballer, born 1977)","Felipe (footballer, born 1977)"
Tell me a bio of Neil Sinclair,Neil Sinclair
Tell me a bio of Peter Gallagher,Peter Gallagher
Tell me a bio of Joseph Kony,Joseph Kony
Tell me a bio of Alfred Hitchcock,Alfred Hitchcock
Tell me a bio of Dascha Polanco,Dascha Polanco
Tell me a bio of Amelia Earhart,Amelia Earhart
Tell me a bio of Chris John (boxer),Chris John (boxer)
Tell me a bio of Blair Tugman,Blair Tugman
Tell me a bio of Tom Coburn,Tom Coburn
Tell me a bio of Mamunul Islam,Mamunul Islam
Tell me a bio of Umika Kawashima,Umika Kawashima
Tell me a bio of Grayston Burgess,Grayston Burgess
Tell me a bio of David Oyite-Ojok,David Oyite-Ojok
Tell me a bio of Thomas Piketty,Thomas Piketty
Tell me a bio of Richard Kuklinski,Richard Kuklinski
Tell me a bio of Ki Fitzgerald,Ki Fitzgerald
Tell me a bio of Chris Cuomo,Chris Cuomo
Tell me a bio of Adnan Sami,Adnan Sami
Tell me a bio of Krystyna Szczepańska,Krystyna Szczepańska
Tell me a bio of Rangi Te Kanawa,Rangi Te Kanawa
Tell me a bio of Mohamed Abdi Mohamed,Mohamed Abdi Mohamed
Tell me a bio of Griselda Blanco,Griselda Blanco
Tell me a bio of Jimmy Weldon,Jimmy Weldon
Tell me a bio of Steve Cummins,Steve Cummins
Tell me a bio of Pallavi Joshi,Pallavi Joshi
Tell me a bio of Sofiane Feghouli,Sofiane Feghouli
Tell me a bio of Theophilus Annorbaah,Theophilus Annorbaah
Tell me a bio of Bhuma Nagi Reddy,Bhuma Nagi Reddy
Tell me a bio of Charmion King,Charmion King
Tell me a bio of Andreea Marin,Andreea Marin
Tell me a bio of Raffaele Maiello,Raffaele Maiello
Tell me a bio of John Craven,John Craven
Tell me a bio of Fumiko Kaneko,Fumiko Kaneko
Tell me a bio of Ahn Jae-hyun,Ahn Jae-hyun
Tell me a bio of Rory Tapner,Rory Tapner
Tell me a bio of Bobo Baldé,Bobo Baldé
Tell me a bio of Rafael Nadal,Rafael Nadal
Tell me a bio of Chacho Gaytán,Chacho Gaytán
Tell me a bio of Bastian Schweinsteiger,Bastian Schweinsteiger
Tell me a bio of Erich Hartmann,Erich Hartmann
Tell me a bio of Maya Yoshida,Maya Yoshida
Tell me a bio of Flávio Rocha,Flávio Rocha
Tell me a bio of John Forbes Nash Jr.,John Forbes Nash Jr.
Tell me a bio of Zewde Gebre-Sellassie,Zewde Gebre-Sellassie
Tell me a bio of Lupe Vélez,Lupe Vélez
Tell me a bio of Kevin De Bruyne,Kevin De Bruyne
Tell me a bio of Ezechiel NDouassel,Ezechiel N'Douassel
Tell me a bio of Noel Malicdem,Noel Malicdem
Tell me a bio of Rebecca Romijn,Rebecca Romijn
Tell me a bio of Robert Guthrie,Robert Guthrie
Tell me a bio of Aditya Kalyanpur,Aditya Kalyanpur
Tell me a bio of Dennis Andersson,Dennis Andersson
Tell me a bio of Daniel Bedingfield,Daniel Bedingfield
Tell me a bio of Celâl Bayar,Celâl Bayar
Tell me a bio of Michael Coulson (barrister),Michael Coulson (barrister)
Tell me a bio of Khalid Mahmood Mithu,Khalid Mahmood Mithu
Tell me a bio of Rachel Weisz,Rachel Weisz
Tell me a bio of Diana Ivanova,Diana Ivanova
Tell me a bio of Jashubhai Dhanabhai Barad,Jashubhai Dhanabhai Barad
Tell me a bio of André Le Nôtre,André Le Nôtre
Tell me a bio of Kerwin Bell,Kerwin Bell
Tell me a bio of Cierre Wood,Cierre Wood
Tell me a bio of Stephen Miller (political advisor),Stephen Miller (political advisor)
Tell me a bio of Jacques Cousteau,Jacques Cousteau
Tell me a bio of Carmelo Anthony,Carmelo Anthony
Tell me a bio of Asafa Powell,Asafa Powell
Tell me a bio of Huang Xing,Huang Xing
Tell me a bio of Rohit Sharma,Rohit Sharma
Tell me a bio of Jorge Enríquez,Jorge Enríquez
Tell me a bio of Levi Roots,Levi Roots
Tell me a bio of Jean-Claude Van Damme,Jean-Claude Van Damme
Tell me a bio of Felix Newman,Felix Newman
Tell me a bio of Santiago Vergini,Santiago Vergini
Tell me a bio of Earl Garrison,Earl Garrison
Tell me a bio of Tacko Fall,Tacko Fall
Tell me a bio of Karl Eliasberg,Karl Eliasberg
Tell me a bio of Timothy Evans,Timothy Evans
Tell me a bio of Jeffrey Viggiano,Jeffrey Viggiano
Tell me a bio of Yordanka Donkova,Yordanka Donkova
Tell me a bio of Tony Bellew,Tony Bellew
Tell me a bio of Winston Churchill,Winston Churchill
Tell me a bio of Aleksandar Kolarov,Aleksandar Kolarov
Tell me a bio of Alexandre Hohagen,Alexandre Hohagen
Tell me a bio of Jamie Cripps,Jamie Cripps
Tell me a bio of Marcus Aurelius,Marcus Aurelius
Tell me a bio of Emcee N.I.C.E.,Emcee N.I.C.E.
Tell me a bio of Sun Wenguang,Sun Wenguang
Tell me a bio of Jeff Beukeboom,Jeff Beukeboom
Tell me a bio of Phil Vickery (rugby union),Phil Vickery (rugby union)
Tell me a bio of Shoya Nakajima,Shoya Nakajima
Tell me a bio of Karyn Pugliese,Karyn Pugliese
Tell me a bio of Ingo Titze,Ingo Titze
Tell me a bio of León Dujovne,León Dujovne
Tell me a bio of Jennifer Sevilla,Jennifer Sevilla
Tell me a bio of Will Keane,Will Keane
Tell me a bio of Settimo Mineo,Settimo Mineo
Tell me a bio of Yuu Watase,Yuu Watase
Tell me a bio of Pablo Ganet,Pablo Ganet
Tell me a bio of Sayaka Ando,Sayaka Ando
Tell me a bio of Édgar Iván López,Édgar Iván López
Tell me a bio of Chris Woakes,Chris Woakes
Tell me a bio of Diosdado Cabello,Diosdado Cabello
Tell me a bio of Muhammad Ali Jinnah,Muhammad Ali Jinnah
Tell me a bio of Dana Awartani,Dana Awartani
Tell me a bio of Brianna Keilar,Brianna Keilar
Tell me a bio of Vanda Pignato,Vanda Pignato
Tell me a bio of Vadhir Derbez,Vadhir Derbez
Tell me a bio of Cédric Bakambu,Cédric Bakambu
Tell me a bio of Neil Googe,Neil Googe
Tell me a bio of Sada Thompson,Sada Thompson
Tell me a bio of Thirayuth Boonmee,Thirayuth Boonmee
Tell me a bio of Michael L. MacDonald,Michael L. MacDonald
Tell me a bio of Bobby Fischer,Bobby Fischer
Tell me a bio of Jose Canseco,Jose Canseco
Tell me a bio of Jeffrey Satinover,Jeffrey Satinover
Tell me a bio of Yehuda Lindell,Yehuda Lindell
Tell me a bio of Kathleen A. McGrath,Kathleen A. McGrath
Tell me a bio of Benjamin Lawrence Reid,Benjamin Lawrence Reid
Tell me a bio of Djimon Hounsou,Djimon Hounsou
Tell me a bio of Vance Joy,Vance Joy
Tell me a bio of Jimmy Tompkins (priest),Jimmy Tompkins (priest)
Tell me a bio of Ahsee Tuala,Ahsee Tuala
Tell me a bio of Susan Sarandon,Susan Sarandon
Tell me a bio of Don DeLillo,Don DeLillo
Tell me a bio of Ramli Sarip,Ramli Sarip
Tell me a bio of Michael Collins (astronaut),Michael Collins (astronaut)
Tell me a bio of Elizabeth Inglis,Elizabeth Inglis
Tell me a bio of Fifi Cooper,Fifi Cooper
Tell me a bio of Lali Espósito,Lali Espósito
Tell me a bio of Maddy Crippen,Maddy Crippen
Tell me a bio of Francis Nicholson (painter),Francis Nicholson (painter)
Tell me a bio of Will Voigt,Will Voigt
Tell me a bio of Josiah Maduabuchi,Josiah Maduabuchi
Tell me a bio of Thomas Jack,Thomas Jack
Tell me a bio of Ziaur Rahman,Ziaur Rahman
Tell me a bio of Loo Kum Zee,Loo Kum Zee
Tell me a bio of Patoranking,Patoranking
Tell me a bio of Richard Burton,Richard Burton
Tell me a bio of Guillermo Rigondeaux,Guillermo Rigondeaux
Tell me a bio of Shaolin (humorist),Shaolin (humorist)
Tell me a bio of Jessie Mae Brown Beavers,Jessie Mae Brown Beavers
Tell me a bio of Lennie Hayton,Lennie Hayton
Tell me a bio of Ahmed Mumin Warfa,Ahmed Mumin Warfa
Tell me a bio of Rachel Bilson,Rachel Bilson
Tell me a bio of Xi Jinping,Xi Jinping
Tell me a bio of Dewi Sartika,Dewi Sartika
Tell me a bio of Alf Garland,Alf Garland
Tell me a bio of Raúl Esparza,Raúl Esparza
Tell me a bio of Robin del Castillo,Robin del Castillo
Tell me a bio of Abdul Ilah Khatib,Abdul Ilah Khatib
Tell me a bio of Jennifer Maia,Jennifer Maia
Tell me a bio of Philippe Coutinho,Philippe Coutinho
Tell me a bio of Kevin Anderson (tennis),Kevin Anderson (tennis)
Tell me a bio of Pogo (musician),Pogo (musician)
Tell me a bio of Valerie Harper,Valerie Harper
Tell me a bio of Fuerza Guerrera,Fuerza Guerrera
Tell me a bio of Mukesh (actor),Mukesh (actor)
Tell me a bio of Serena Tideman,Serena Tideman
Tell me a bio of Bif Naked,Bif Naked
Tell me a bio of Phife Dawg,Phife Dawg
Tell me a bio of Michael Folorunsho,Michael Folorunsho
Tell me a bio of Naz Mitrou-Long,Naz Mitrou-Long
Tell me a bio of Julie Bishop,Julie Bishop
Tell me a bio of Tarik Marzouk,Tarik Marzouk
Tell me a bio of Dominique Blake,Dominique Blake
Tell me a bio of Lina Marulanda,Lina Marulanda
Tell me a bio of Diafra Sakho,Diafra Sakho
Tell me a bio of Haruto Takahashi,Haruto Takahashi
Tell me a bio of Fahadh Faasil,Fahadh Faasil
Tell me a bio of Dr. Dre,Dr. Dre
Tell me a bio of Quincy Jones,Quincy Jones
Tell me a bio of W. Clark Still,W. Clark Still
Tell me a bio of Patrick Merrill,Patrick Merrill
Tell me a bio of Radja Nainggolan,Radja Nainggolan
Tell me a bio of Caitlin Lowe,Caitlin Lowe
Tell me a bio of Salt Bae,Salt Bae
Tell me a bio of Camille Paulus,Camille Paulus
Tell me a bio of Charley Boorman,Charley Boorman
Tell me a bio of Michael Douglas,Michael Douglas
Tell me a bio of Douglas Wood (engineer),Douglas Wood (engineer)
Tell me a bio of Zubaira Tukhugov,Zubaira Tukhugov
Tell me a bio of Riccardo Tisci,Riccardo Tisci
Tell me a bio of Billy Snedden,Billy Snedden
Tell me a bio of Esteban Espíndola,Esteban Espíndola
Tell me a bio of Franck Ribéry,Franck Ribéry
Tell me a bio of Jamie Dornan,Jamie Dornan
Tell me a bio of Gretl Braun,Gretl Braun
Tell me a bio of Patricia Cladis,Patricia Cladis
Tell me a bio of Idris Elba,Idris Elba
Tell me a bio of Daniel Ek,Daniel Ek
Tell me a bio of Ushoshi Sengupta,Ushoshi Sengupta
Tell me a bio of Joseph Michael Linsner,Joseph Michael Linsner
Tell me a bio of Julian Jarrold,Julian Jarrold
Tell me a bio of Kari Matchett,Kari Matchett
Tell me a bio of Belisarius,Belisarius
Tell me a bio of Carol Dweck,Carol Dweck
Tell me a bio of Johann Christian von Engel,Johann Christian von Engel
Tell me a bio of José Cardozo,José Cardozo
Tell me a bio of Ted Thompson,Ted Thompson
Tell me a bio of Stephanus Swart,Stephanus Swart
Tell me a bio of Grant Bowler,Grant Bowler
Tell me a bio of Robert Jennings (rugby league),Robert Jennings (rugby league)
Tell me a bio of Leo Kokubo,Leo Kokubo
Tell me a bio of Mark Murphy (singer),Mark Murphy (singer)
Tell me a bio of Rigoberto Torres,Rigoberto Torres
Tell me a bio of Amr Diab,Amr Diab
Tell me a bio of Walter Model,Walter Model
Tell me a bio of Joel Edgerton,Joel Edgerton
Tell me a bio of Robbie Horgan,Robbie Horgan
Tell me a bio of Vicky Kaushal,Vicky Kaushal
Tell me a bio of Stan Marple,Stan Marple
Tell me a bio of Tanel Ingi,Tanel Ingi
Tell me a bio of John Counter,John Counter
Tell me a bio of Klaudia Kaczorowska,Klaudia Kaczorowska
Tell me a bio of Muhammad Alhamid,Muhammad Alhamid
Tell me a bio of Akbar Hossain,Akbar Hossain
Tell me a bio of Wil Nieves,Wil Nieves
Tell me a bio of Jemima Goldsmith,Jemima Goldsmith
Tell me a bio of Roxana Miranda,Roxana Miranda
Tell me a bio of Coco Chanel,Coco Chanel
Tell me a bio of Tom Buk-Swienty,Tom Buk-Swienty
Tell me a bio of Enamul Haque (engineer),Enamul Haque (engineer)
Tell me a bio of Jefferson Thomas,Jefferson Thomas
Tell me a bio of Abdelhamid Shabana,Abdelhamid Shabana
Tell me a bio of Mattias Asper,Mattias Asper
Tell me a bio of G. Fowler Stewart,G. Fowler Stewart
Tell me a bio of Abdullahi Mohammad Ahmad Hassan,Abdullahi Mohammad Ahmad Hassan
Tell me a bio of Sérgio Moraes,Sérgio Moraes
Tell me a bio of Diego Godín,Diego Godín
Tell me a bio of Lunay (singer),Lunay (singer)
Tell me a bio of Trevor Noah,Trevor Noah
Tell me a bio of Adel Emam,Adel Emam
Tell me a bio of Samir Kochhar,Samir Kochhar
Tell me a bio of Rosé (singer),Rosé (singer)
Tell me a bio of Billy Conigliaro,Billy Conigliaro
Tell me a bio of Arif Mohammad Khan,Arif Mohammad Khan
Tell me a bio of Nikole Hannah-Jones,Nikole Hannah-Jones
Tell me a bio of María José (singer),María José (singer)
Tell me a bio of Robert Whittaker (fighter),Robert Whittaker (fighter)
Tell me a bio of Sergei Bodrov,Sergei Bodrov
Tell me a bio of Bob Marley,Bob Marley
Tell me a bio of Jake Tilson,Jake Tilson
Tell me a bio of Michael H. Schneider Sr.,Michael H. Schneider Sr.
Tell me a bio of Zeca Pagodinho,Zeca Pagodinho
Tell me a bio of Irina Shayk,Irina Shayk
Tell me a bio of Maggie Cogan,Maggie Cogan
Tell me a bio of Marcel Hernández,Marcel Hernández
Tell me a bio of Dana Ashbrook,Dana Ashbrook
Tell me a bio of Ricky Martin,Ricky Martin
Tell me a bio of Ryan Brasier,Ryan Brasier
Tell me a bio of Kathinka Pasveer,Kathinka Pasveer
Tell me a bio of Cha Eun-woo,Cha Eun-woo
Tell me a bio of Abdul Halik Hudu,Abdul Halik Hudu
Tell me a bio of Worranit Thawornwong,Worranit Thawornwong
Tell me a bio of Carl Braun (obstetrician),Carl Braun (obstetrician)
Tell me a bio of Shawn Ashmore,Shawn Ashmore
Tell me a bio of Sila María Calderón,Sila María Calderón
Tell me a bio of Pratibha Patil,Pratibha Patil
Tell me a bio of Lodewicus du Plessis,Lodewicus du Plessis
Tell me a bio of Shane Fontayne,Shane Fontayne
Tell me a bio of RM (rapper),RM (rapper)
Tell me a bio of Francisco Urroz,Francisco Urroz
Tell me a bio of Ameyaw Debrah,Ameyaw Debrah
Tell me a bio of Cleopatra,Cleopatra
Tell me a bio of Ana Cláudia Bolzan,Ana Cláudia Bolzan
Tell me a bio of Jean Muir (actress),Jean Muir (actress)
Tell me a bio of Evgeny Shalunov,Evgeny Shalunov
Tell me a bio of Charles Allen (jurist),Charles Allen (jurist)
Tell me a bio of Deyverson,Deyverson
Tell me a bio of Ruth Fischer,Ruth Fischer
Tell me a bio of Cris Cyborg,Cris Cyborg
Tell me a bio of Joe McGinniss,Joe McGinniss
Tell me a bio of Yuyan,Yuyan
Tell me a bio of Bobby Thomson,Bobby Thomson
Tell me a bio of Vijay (actor),Vijay (actor)
Tell me a bio of Eric Winter,Eric Winter
Tell me a bio of Hoshiar Singh Dahiya,Hoshiar Singh Dahiya
Tell me a bio of Maxime Masson,Maxime Masson
Tell me a bio of Gopi Sundar,Gopi Sundar
Tell me a bio of James Tyrrell,James Tyrrell
Tell me a bio of Imbolo Mbue,Imbolo Mbue
Tell me a bio of Aert van der Neer,Aert van der Neer
Tell me a bio of Karl Urban,Karl Urban
Tell me a bio of Blanca Errázuriz,Blanca Errázuriz
Tell me a bio of Hayden Panettiere,Hayden Panettiere
Tell me a bio of Deitrick Haddon,Deitrick Haddon
Tell me a bio of Andreas Ivanschitz,Andreas Ivanschitz
Tell me a bio of Clancy Brown,Clancy Brown
Tell me a bio of Tarik Elyounoussi,Tarik Elyounoussi
Tell me a bio of Melvin Van Peebles,Melvin Van Peebles
Tell me a bio of Carrie Ann Inaba,Carrie Ann Inaba
Tell me a bio of Roman Pavlyuchenko,Roman Pavlyuchenko
Tell me a bio of Jesse Chacón,Jesse Chacón
Tell me a bio of Cicero,Cicero
Tell me a bio of Kelli White,Kelli White
Tell me a bio of 14th Dalai Lama,14th Dalai Lama
Tell me a bio of Christian Almeida,Christian Almeida
Tell me a bio of Arthur Wakefield,Arthur Wakefield
Tell me a bio of Marty Mayberry,Marty Mayberry
Tell me a bio of Rui Campos,Rui Campos
Tell me a bio of Vicente Carrillo Fuentes,Vicente Carrillo Fuentes
Tell me a bio of Sheldon T. Mills,Sheldon T. Mills
Tell me a bio of Joseph A. Lopez,Joseph A. Lopez
Tell me a bio of Andry Rajoelina,Andry Rajoelina
Tell me a bio of Hu Qili,Hu Qili
Tell me a bio of Vishal (actor),Vishal (actor)
Tell me a bio of George VI,George VI
Tell me a bio of James Franco,James Franco
Tell me a bio of Lisa Ling,Lisa Ling
Tell me a bio of Mike Adenuga,Mike Adenuga
Tell me a bio of Idi Amin,Idi Amin
Tell me a bio of Generoso Rossi,Generoso Rossi
"Tell me a bio of João Lucas (footballer, born 1991)","João Lucas (footballer, born 1991)"
Tell me a bio of Danny Almonte,Danny Almonte
Tell me a bio of Meg Thalken,Meg Thalken
Tell me a bio of Andy Middleton,Andy Middleton
Tell me a bio of Anderson Silva,Anderson Silva
Tell me a bio of Phillip Gillespie,Phillip Gillespie
Tell me a bio of Edgar Bennett,Edgar Bennett
Tell me a bio of Mike Melvill,Mike Melvill
Tell me a bio of Balázs Bekő,Balázs Bekő
Tell me a bio of Lucas Boyé,Lucas Boyé
Tell me a bio of Rosaline Elbay,Rosaline Elbay
Tell me a bio of Abraham Ancer,Abraham Ancer
Tell me a bio of Margaret Rose Vendryes,Margaret Rose Vendryes
Tell me a bio of Jackson Martínez,Jackson Martínez
Tell me a bio of Pablo Zabaleta,Pablo Zabaleta
Tell me a bio of Kaoru Kuroki,Kaoru Kuroki
Tell me a bio of G. Venugopal,G. Venugopal
Tell me a bio of Lionel Messi,Lionel Messi
Tell me a bio of Terrence Romeo,Terrence Romeo
Tell me a bio of Luiz Inácio Lula da Silva,Luiz Inácio Lula da Silva
Tell me a bio of Henry VII of England,Henry VII of England
Tell me a bio of Ian Khama,Ian Khama
Tell me a bio of Juan Nepomucino Goetz,Juan Nepomucino Goetz
Tell me a bio of Sam Michael,Sam Michael
Tell me a bio of Virginia Christine,Virginia Christine
Tell me a bio of A. K. Ramanujan,A. K. Ramanujan
Tell me a bio of Ramkumar Mukhopadhyay,Ramkumar Mukhopadhyay
Tell me a bio of Carlos Ghosn,Carlos Ghosn
Tell me a bio of Anurag Kashyap,Anurag Kashyap
Tell me a bio of Mateo Correa Magallanes,Mateo Correa Magallanes
Tell me a bio of Stephanie Beatriz,Stephanie Beatriz
Tell me a bio of Mindy Smith,Mindy Smith
Tell me a bio of Angela Bairstow,Angela Bairstow
Tell me a bio of R. Selvaraj (politician),R. Selvaraj (politician)
Tell me a bio of Ernestine Eckstein,Ernestine Eckstein
Tell me a bio of George Washington,George Washington
Tell me a bio of Nobuhiro Shimatani,Nobuhiro Shimatani
Tell me a bio of Ezekiel Elliott,Ezekiel Elliott
Tell me a bio of Raghav Juyal,Raghav Juyal
Tell me a bio of Manny Pacquiao,Manny Pacquiao
Tell me a bio of Aaron Burr,Aaron Burr
Tell me a bio of Tim Ferguson,Tim Ferguson
Tell me a bio of Uee,Uee
Tell me a bio of Martha Cunz,Martha Cunz
"Tell me a bio of Prince Carl Philip, Duke of Värmland","Prince Carl Philip, Duke of Värmland"
Tell me a bio of Kaká,Kaká
Tell me a bio of Kiara Advani,Kiara Advani
Tell me a bio of Witold Gombrowicz,Witold Gombrowicz
Tell me a bio of Maurice Jones-Drew,Maurice Jones-Drew
Tell me a bio of Geraldo de Barros,Geraldo de Barros
Tell me a bio of Roman Šebrle,Roman Šebrle
Tell me a bio of Charles B. McVay III,Charles B. McVay III
Tell me a bio of Shakira,Shakira
Tell me a bio of Zié Ouattara,Zié Ouattara
Tell me a bio of Nick Kyrgios,Nick Kyrgios
Tell me a bio of Carol Chell,Carol Chell
Tell me a bio of Alen Omić,Alen Omić
Tell me a bio of Vasily Chuikov,Vasily Chuikov
Tell me a bio of George Eacker,George Eacker
Tell me a bio of Alice Torriani,Alice Torriani
Tell me a bio of Gulshan Kumar,Gulshan Kumar
Tell me a bio of Albert Outler,Albert Outler
Tell me a bio of Félix María Zuloaga,Félix María Zuloaga
Tell me a bio of Frank Middlemass,Frank Middlemass
Tell me a bio of William M. Brodhead,William M. Brodhead
Tell me a bio of Jo Koy,Jo Koy
Tell me a bio of Felician of Foligno,Felician of Foligno
Tell me a bio of Annie Landouw,Annie Landouw
Tell me a bio of Zhang Yaokun,Zhang Yaokun
Tell me a bio of Bhāskara I,Bhāskara I
Tell me a bio of Profit (gamer),Profit (gamer)
Tell me a bio of Damon Herriman,Damon Herriman
Tell me a bio of Liam Neeson,Liam Neeson
Tell me a bio of Feroze Gandhi,Feroze Gandhi
Tell me a bio of Takuma Asano,Takuma Asano
Tell me a bio of Lemuel W. Joiner,Lemuel W. Joiner
Tell me a bio of Michael Goleniewski,Michael Goleniewski
Tell me a bio of Neha Sargam,Neha Sargam
Tell me a bio of D. B. Nihalsinghe,D. B. Nihalsinghe
Tell me a bio of Joji (musician),Joji (musician)
Tell me a bio of Rory Byrne,Rory Byrne
Tell me a bio of Shigeru Fukudome,Shigeru Fukudome
Tell me a bio of Vladimir Lenin,Vladimir Lenin
Tell me a bio of Napoleon,Napoleon
Tell me a bio of Kion Smith,Kion Smith
Tell me a bio of F. Gwynplaine MacIntyre,F. Gwynplaine MacIntyre
Tell me a bio of Jonathan Roy,Jonathan Roy
Tell me a bio of Hiren Gohain,Hiren Gohain
Tell me a bio of Stephen J. Mackwell,Stephen J. Mackwell
Tell me a bio of William G. Angel,William G. Angel
Tell me a bio of Vujadin Savić,Vujadin Savić
Tell me a bio of Marli Renfro,Marli Renfro
Tell me a bio of Rii Sen,Rii Sen
Tell me a bio of Fidel Castro,Fidel Castro
Tell me a bio of Gubby Allen,Gubby Allen
Tell me a bio of Funke Abimbola,Funke Abimbola
Tell me a bio of Bir Hambir,Bir Hambir
Tell me a bio of Sayuri Yamauchi,Sayuri Yamauchi
Tell me a bio of Avraham Eilam-Amzallag,Avraham Eilam-Amzallag
Tell me a bio of Date Narikuni,Date Narikuni
Tell me a bio of Nonzee Nimibutr,Nonzee Nimibutr
Tell me a bio of Ralph Macchio,Ralph Macchio
Tell me a bio of Ariel Behar,Ariel Behar
Tell me a bio of Lou Briel,Lou Briel
Tell me a bio of Joseph Jaquet,Joseph Jaquet
Tell me a bio of DeAnna Bennett,DeAnna Bennett
Tell me a bio of Jennifer Paz,Jennifer Paz
Tell me a bio of Kang Ji-hwan,Kang Ji-hwan
Tell me a bio of Kalki Koechlin,Kalki Koechlin
Tell me a bio of William Post,William Post
"Tell me a bio of William Waldegrave, Baron Waldegrave of North Hill","William Waldegrave, Baron Waldegrave of North Hill"
Tell me a bio of Darrius Heyward-Bey,Darrius Heyward-Bey
Tell me a bio of Andrew Shue,Andrew Shue
Tell me a bio of Wahida Prism Khan,Wahida Prism Khan
Tell me a bio of Waka Flocka Flame,Waka Flocka Flame
Tell me a bio of Focus...,Focus...
Tell me a bio of Sara Paxton,Sara Paxton
Tell me a bio of Marianne McAndrew,Marianne McAndrew
Tell me a bio of Keita Kadokura,Keita Kadokura
Tell me a bio of John Estes,John Estes
Tell me a bio of Oliver Letwin,Oliver Letwin
Tell me a bio of Ram Gopal Varma,Ram Gopal Varma
Tell me a bio of James Taylor,James Taylor
Tell me a bio of Joeri Adams,Joeri Adams
Tell me a bio of Cha Seung-won,Cha Seung-won
Tell me a bio of Ko Itakura,Ko Itakura
Tell me a bio of Siti Rahmah Kassim,Siti Rahmah Kassim
Tell me a bio of Andreas Kisser,Andreas Kisser
Tell me a bio of Sharad Kumar (athlete),Sharad Kumar (athlete)
Tell me a bio of Idriss Ngari,Idriss Ngari
Tell me a bio of Gerhard Fischer (inventor),Gerhard Fischer (inventor)
Tell me a bio of Katsunosuke Hori,Katsunosuke Hori
Tell me a bio of Zelma Wilson,Zelma Wilson
Tell me a bio of Adil Rami,Adil Rami
Tell me a bio of Richard Burkewood Welbourn,Richard Burkewood Welbourn
Tell me a bio of Miguel Díaz (baseball),Miguel Díaz (baseball)
Tell me a bio of Teresa Palmer,Teresa Palmer
Tell me a bio of Gerardo Fernandez Fe,Gerardo Fernandez Fe
Tell me a bio of Augusto Martínez Sánchez,Augusto Martínez Sánchez
Tell me a bio of Chief Jones,Chief Jones
Tell me a bio of Glover Teixeira,Glover Teixeira
Tell me a bio of George Cukor,George Cukor
Tell me a bio of Chaim Malinowitz,Chaim Malinowitz
Tell me a bio of Marie Alexandrine Becker,Marie Alexandrine Becker
Tell me a bio of Lauren London,Lauren London
Tell me a bio of Harrison Ford,Harrison Ford
Tell me a bio of Dacre Montgomery,Dacre Montgomery
Tell me a bio of Samuel Oboh,Samuel Oboh
Tell me a bio of Lina Medina,Lina Medina
Tell me a bio of Fran Unsworth,Fran Unsworth
Tell me a bio of Anushka Sharma,Anushka Sharma
Tell me a bio of Ra Jong-yil,Ra Jong-yil
Tell me a bio of Shashank Manohar,Shashank Manohar
Tell me a bio of Nikki Sixx,Nikki Sixx
Tell me a bio of María Elena Medina-Mora Icaza,María Elena Medina-Mora Icaza
Tell me a bio of Matthew Tukaki,Matthew Tukaki
Tell me a bio of Osama bin Laden,Osama bin Laden
Tell me a bio of Lily Branscombe,Lily Branscombe
Tell me a bio of Shayne Neumann,Shayne Neumann
Tell me a bio of Manuel Salazar (footballer),Manuel Salazar (footballer)
Tell me a bio of Roselyn Sánchez,Roselyn Sánchez
Tell me a bio of Waruhiu Itote,Waruhiu Itote
Tell me a bio of Elsa Pataky,Elsa Pataky
Tell me a bio of Garrincha,Garrincha
Tell me a bio of Tim Fischer,Tim Fischer
Tell me a bio of Damir Memović,Damir Memović
Tell me a bio of Mitzi Gaynor,Mitzi Gaynor
Tell me a bio of Vaira Vīķe-Freiberga,Vaira Vīķe-Freiberga
Tell me a bio of Ben Lummis,Ben Lummis
Tell me a bio of Gonzalo Fonseca,Gonzalo Fonseca
Tell me a bio of Michael Valpy,Michael Valpy
Tell me a bio of Emmett Skilton,Emmett Skilton
Tell me a bio of Besant Ravi,Besant Ravi
Tell me a bio of Carolina Portesi Peroni,Carolina Portesi Peroni
Tell me a bio of Toyoko Tokiwa,Toyoko Tokiwa
Tell me a bio of Bella Akhmadulina,Bella Akhmadulina
Tell me a bio of Baltasar Corrada del Río,Baltasar Corrada del Río
Tell me a bio of Daniel Carvalho,Daniel Carvalho
Tell me a bio of Antonio Gasalla,Antonio Gasalla
Tell me a bio of David Wenham,David Wenham
Tell me a bio of Desmond Luke,Desmond Luke
Tell me a bio of Antonio Diaz (Filipino politician),Antonio Diaz (Filipino politician)
Tell me a bio of Ylona Garcia,Ylona Garcia
Tell me a bio of Roxana Díaz (athlete),Roxana Díaz (athlete)
Tell me a bio of Doug Sheehan,Doug Sheehan
Tell me a bio of Joey D. Vieira,Joey D. Vieira
Tell me a bio of Maneka Gandhi,Maneka Gandhi
Tell me a bio of Vanessa Kirby,Vanessa Kirby
Tell me a bio of Lees Knowles,Lees Knowles
Tell me a bio of Liam Payne,Liam Payne
Tell me a bio of Scientist (musician),Scientist (musician)
Tell me a bio of Terence Blacker,Terence Blacker
Tell me a bio of Canelo Álvarez,Canelo Álvarez
Tell me a bio of IU (singer),IU (singer)
Tell me a bio of Hesham Nazih,Hesham Nazih
Tell me a bio of Thomas Houghton (rugby league),Thomas Houghton (rugby league)
Tell me a bio of Luis N. Rivera-Pagán,Luis N. Rivera-Pagán
Tell me a bio of Prince Rivers,Prince Rivers
Tell me a bio of Francesco Mimbelli,Francesco Mimbelli
Tell me a bio of Ronaldo (Brazilian footballer),Ronaldo (Brazilian footballer)
Tell me a bio of Shahnaz Pahlavi,Shahnaz Pahlavi
Tell me a bio of Milton Diamond,Milton Diamond
Tell me a bio of Jimmy Bartel,Jimmy Bartel
Tell me a bio of Taral Hicks,Taral Hicks
Tell me a bio of Frederick Howard Taylor,Frederick Howard Taylor
Tell me a bio of Zamfir Arbore,Zamfir Arbore
Tell me a bio of Kim Casali,Kim Casali
Tell me a bio of Mohamed Salah,Mohamed Salah
Tell me a bio of Rin Iwanaga,Rin Iwanaga
Tell me a bio of Carlos Santana,Carlos Santana
Tell me a bio of Jack Leach,Jack Leach
Tell me a bio of Abdou Diallo,Abdou Diallo
Tell me a bio of Chadwick Boseman,Chadwick Boseman
"Tell me a bio of Fernando (footballer, born 1984)","Fernando (footballer, born 1984)"
Tell me a bio of Alma Katsu,Alma Katsu
Tell me a bio of Regina Martínez Pérez,Regina Martínez Pérez
Tell me a bio of Nisar Ahmad Kakru,Nisar Ahmad Kakru
Tell me a bio of Rob Furlong,Rob Furlong
Tell me a bio of Alberto Malesani,Alberto Malesani
Tell me a bio of Martín Lousteau,Martín Lousteau
Tell me a bio of Julia Faye,Julia Faye
Tell me a bio of Luis Guillermo Rivera,Luis Guillermo Rivera
Tell me a bio of Anna May Wong,Anna May Wong
Tell me a bio of Lanny Flaherty,Lanny Flaherty
Tell me a bio of Jean Daullé,Jean Daullé
Tell me a bio of Daniel Charles,Daniel Charles
Tell me a bio of Gilberto Silva,Gilberto Silva
Tell me a bio of Jessica Barboza,Jessica Barboza
Tell me a bio of Vincenzo Tusa,Vincenzo Tusa
Tell me a bio of Lewis Nkosi,Lewis Nkosi
Tell me a bio of Wendy (singer),Wendy (singer)
Tell me a bio of Kourosh Zolani,Kourosh Zolani
Tell me a bio of Jesse Foppert,Jesse Foppert
Tell me a bio of Travis Oliphant,Travis Oliphant
Tell me a bio of Carlos Alfonso,Carlos Alfonso
Tell me a bio of Jonathan Tucker,Jonathan Tucker
Tell me a bio of Botak Chin,Botak Chin
Tell me a bio of Gabriela Sabatini,Gabriela Sabatini
Tell me a bio of James B. Donovan,James B. Donovan
Tell me a bio of Roberto Clemente,Roberto Clemente
Tell me a bio of Robert Louis Stevenson,Robert Louis Stevenson
Tell me a bio of José Sánchez del Río,José Sánchez del Río
Tell me a bio of Sajid Nadiadwala,Sajid Nadiadwala
Tell me a bio of Toru Muranishi,Toru Muranishi
Tell me a bio of Mauro Icardi,Mauro Icardi
Tell me a bio of Florencia Bertotti,Florencia Bertotti
Tell me a bio of Chris Cheney,Chris Cheney
Tell me a bio of Eric Hacker,Eric Hacker
Tell me a bio of Hibo Wardere,Hibo Wardere
Tell me a bio of Egon Krenz,Egon Krenz
Tell me a bio of Heinrich Harrer,Heinrich Harrer
Tell me a bio of Don Featherstone (artist),Don Featherstone (artist)
Tell me a bio of Owen Wright (surfer),Owen Wright (surfer)
Tell me a bio of Mike Trivisonno,Mike Trivisonno
Tell me a bio of Daniel Dubois (boxer),Daniel Dubois (boxer)
Tell me a bio of Tiffany Haddish,Tiffany Haddish
Tell me a bio of Craig Morton,Craig Morton
Tell me a bio of Virginia Valli,Virginia Valli
Tell me a bio of Kang Daniel,Kang Daniel
Tell me a bio of Kerser,Kerser
Tell me a bio of Malcolm Hedding,Malcolm Hedding
Tell me a bio of Takeo Miki,Takeo Miki
Tell me a bio of Taika Waititi,Taika Waititi
Tell me a bio of Lua Blanco,Lua Blanco
Tell me a bio of Kyu Sakamoto,Kyu Sakamoto
Tell me a bio of Samantha Ruth Prabhu,Samantha Ruth Prabhu
Tell me a bio of Dominic King,Dominic King
Tell me a bio of Henry Santos,Henry Santos
Tell me a bio of Quintus Sosius Senecio,Quintus Sosius Senecio
Tell me a bio of Jagan,Jagan
Tell me a bio of Sian Massey-Ellis,Sian Massey-Ellis
Tell me a bio of Alexandre Guilmant,Alexandre Guilmant
Tell me a bio of António de Oliveira Salazar,António de Oliveira Salazar
Tell me a bio of Jidenna,Jidenna
Tell me a bio of Rakhi Sawant,Rakhi Sawant
Tell me a bio of Song Kang,Song Kang
Tell me a bio of Bridget Moynahan,Bridget Moynahan
"Tell me a bio of Rennie Fritchie, Baroness Fritchie","Rennie Fritchie, Baroness Fritchie"
Tell me a bio of Ji Sung,Ji Sung
Tell me a bio of Annika Sörenstam,Annika Sörenstam
Tell me a bio of Kyra Sedgwick,Kyra Sedgwick
"Tell me a bio of Robert Smith, Baron Smith of Kelvin","Robert Smith, Baron Smith of Kelvin"
Tell me a bio of Paul ONeill (racing driver),Paul O'Neill (racing driver)
Tell me a bio of Eliza Dushku,Eliza Dushku
Tell me a bio of Jonathan Haagensen,Jonathan Haagensen
Tell me a bio of Beenie Man,Beenie Man
Tell me a bio of Kim Burrell,Kim Burrell
Tell me a bio of Errol Flynn,Errol Flynn
Tell me a bio of Ramesses IV,Ramesses IV
Tell me a bio of Paul Kruger,Paul Kruger
